ID,Name,Age,Gender,Home Country,Destination Country,Program,Year
1,Travis Johnston,29,Male,USA,Germany,Business Management,2024
2,Holly Cunningham,19,Male,India,Netherlands,Data Science,2023
3,Alexander Foster,28,Female,Japan,Netherlands,Computer Science,2022
4,Jessica Brock,26,Male,Nepal,Canada,Animation & Media Arts,2020
5,Melinda Barnes,23,Female,Serbia,Canada,Psychology,2024
6,Shannon Carter,25,Female,Japan,Canada,Psychology,2023
7,Thomas Riley,24,Female,USA,Germany,Fashion Design,2020
8,Mary Lutz,29,Female,Japan,Australia,International Relations,2024
9,Christina Thomas,27,Female,USA,Australia,International Relations,2023
10,Donna White,24,Female,Mexico,Germany,Business Management,2020
11,Jennifer Rivera,30,Female,China,Netherlands,Animation & Media Arts,2022
12,Robert Vasquez,22,Female,Japan,Turkey,Animation & Media Arts,2020
13,Ashley Friedman,18,Male,Nepal,Netherlands,Animation & Media Arts,2021
14,Andrew Williamson,22,Female,Mexico,Turkey,Data Science,2022
15,Amy Roberts,21,Male,Japan,UK,Public Health,2022
16,Kenneth Young,19,Male,Nepal,Netherlands,International Relations,2024
17,Lacey Reyes,27,Female,Afghanistan,USA,Computer Science,2023
18,Emily Figueroa,22,Male,Japan,Germany,Psychology,2020
19,Michael Morrison,23,Male,Egypt,Netherlands,Environmental Studies,2023
20,Catherine Berger,19,Male,Mexico,France,Data Science,2024
21,Anita Adams,20,Female,Japan,Sweden,Animation & Media Arts,2022
22,Cynthia Burton,23,Female,Mexico,France,Fashion Design,2023
23,John Stevens,24,Male,Japan,Turkey,International Relations,2022
24,Lee Johnson,21,Female,Serbia,Australia,International Relations,2021
25,Kathleen King,27,Male,Mexico,USA,Computer Science,2023
26,Darrell Ryan,21,Female,Pakistan,Germany,Mechanical Engineering,2020
27,John Rodriguez,19,Female,Serbia,France,Business Management,2021
28,Veronica Alvarez,29,Male,Pakistan,Australia,Mechanical Engineering,2023
29,Jeremy Parsons,19,Female,China,USA,Data Science,2023
30,Matthew Hughes,26,Male,India,UK,Animation & Media Arts,2020
31,Geoffrey Anderson,22,Male,Pakistan,France,International Relations,2023
32,Brittany Peck,21,Male,China,Germany,Public Health,2022
33,Robert Smith,21,Female,Pakistan,Netherlands,Psychology,2024
34,Jessica Johns,26,Female,China,France,Computer Science,2024
35,Sabrina Gonzalez,18,Female,China,UK,Psychology,2020
36,John Riddle,24,Male,Afghanistan,Turkey,Mechanical Engineering,2023
37,Maria Nichols,29,Female,USA,Turkey,Data Science,2022
38,Jonathan Perez,29,Male,Mexico,Canada,Computer Science,2021
39,Jennifer Ware,18,Female,Japan,UK,Data Science,2023
40,William Flores,20,Male,Japan,Germany,Data Science,2021
41,Douglas Peck,24,Male,Pakistan,Australia,Psychology,2021
42,Bruce Newman,22,Female,Pakistan,Sweden,Animation & Media Arts,2020
43,Alan Mcdonald,21,Female,India,Canada,International Relations,2021
44,Douglas Johnston,23,Male,China,USA,Animation & Media Arts,2021
45,William Morse,24,Female,Japan,Australia,Business Management,2023
46,Marie Hester,25,Male,Egypt,Sweden,Fashion Design,2022
47,Paul Bradshaw,30,Female,Pakistan,Sweden,Environmental Studies,2022
48,Brittany Nash,26,Female,Mexico,UK,Business Management,2021
49,David Pierce,20,Female,Egypt,Netherlands,Data Science,2022
50,Melissa Bishop,30,Male,China,Sweden,Psychology,2021
51,Bryan Khan,20,Female,Mexico,UK,Business Management,2021
52,Jasmine Barrera,25,Female,Egypt,Sweden,Business Management,2022
53,Theresa Sampson,19,Male,India,Turkey,Mechanical Engineering,2020
54,George Brown,30,Female,Egypt,Netherlands,Environmental Studies,2021
55,Richard Ray,29,Male,Mexico,Sweden,Psychology,2021
56,Shannon Patterson,22,Female,Pakistan,Germany,Environmental Studies,2022
57,Suzanne Estrada,21,Female,India,UK,Environmental Studies,2022
58,Tiffany Rivera,29,Male,India,Netherlands,Environmental Studies,2020
59,Richard Hudson,30,Male,Japan,Netherlands,Public Health,2022
60,John Adams,24,Male,Egypt,France,Public Health,2023
61,Chad Ramirez,30,Female,Pakistan,Sweden,International Relations,2024
62,Lindsay Benson,20,Male,Serbia,UK,Fashion Design,2021
63,Justin Hill,21,Female,USA,Canada,Computer Science,2020
64,Jason Clark,18,Male,Serbia,Sweden,Computer Science,2023
65,Charles Flores,19,Male,Pakistan,USA,Computer Science,2023
66,Sherry James,22,Male,Afghanistan,UK,Fashion Design,2021
67,Melinda Barnes,18,Male,Mexico,Germany,Public Health,2022
68,Andrew Porter,20,Female,Serbia,Sweden,Business Management,2023
69,Jason Dorsey,22,Male,Nepal,Germany,Psychology,2021
70,Chad Estrada,26,Female,USA,Australia,Public Health,2021
71,Colleen Holloway,22,Male,Serbia,USA,Animation & Media Arts,2021
72,Angela Jackson,19,Male,China,Germany,Data Science,2021
73,Joseph Rhodes,26,Female,Afghanistan,Turkey,Public Health,2022
74,Steven Welch DDS,23,Male,India,Germany,Public Health,2024
75,Todd Davis,24,Female,Nepal,Canada,International Relations,2020
76,Brianna Wilson,18,Female,Pakistan,Turkey,Data Science,2021
77,Michael Baxter,30,Female,Afghanistan,USA,International Relations,2023
78,Calvin Farrell,21,Female,Egypt,Netherlands,Computer Science,2022
79,Michelle Odonnell,26,Female,Pakistan,Sweden,Mechanical Engineering,2020
80,Kevin Jacobs,29,Female,China,Germany,Animation & Media Arts,2023
81,Richard Thornton,26,Female,Nepal,Turkey,Public Health,2022
82,Veronica Brown,26,Male,Japan,Australia,Environmental Studies,2024
83,Janet Lopez,20,Female,Nepal,Australia,Fashion Design,2024
84,Richard Hanson,21,Female,Japan,Germany,Environmental Studies,2022
85,Scott Munoz,21,Male,Pakistan,Sweden,Fashion Design,2022
86,Tanya Smith,27,Female,China,Australia,Public Health,2023
87,Sherry Ellis,28,Male,Afghanistan,Sweden,Business Management,2023
88,Rebecca Washington,25,Male,USA,Canada,Mechanical Engineering,2020
89,Daniel Wright,22,Male,Egypt,USA,Fashion Design,2023
90,Timothy Willis,22,Female,Afghanistan,USA,Data Science,2024
91,Lori Long,29,Female,Serbia,Canada,International Relations,2024
92,Jim Reese,29,Female,Japan,Sweden,Environmental Studies,2023
93,Elizabeth Rubio,28,Male,Mexico,Germany,International Relations,2023
94,Shawn Hensley,18,Female,Nepal,UK,Business Management,2020
95,Joshua Romero,18,Female,Afghanistan,Turkey,Public Health,2023
96,John Butler,18,Male,USA,Australia,Computer Science,2022
97,Austin Burton,21,Male,Mexico,Australia,Business Management,2021
98,Ryan Brown,20,Male,Afghanistan,Turkey,Data Science,2023
99,Jessica Williams,29,Female,Nepal,Canada,Animation & Media Arts,2021
100,Tammie Bowen,29,Male,China,Germany,International Relations,2024
101,Jesse Rivas,26,Female,Nepal,Sweden,Psychology,2021
102,Kathryn Goodman,22,Female,Afghanistan,Canada,Mechanical Engineering,2024
103,Kevin Clayton,28,Male,Nepal,Turkey,Psychology,2022
104,Mrs. Tamara Schultz,30,Male,USA,Canada,Psychology,2020
105,Molly Rios,20,Female,Pakistan,Germany,Business Management,2024
106,Jennifer Velez,20,Female,Pakistan,Germany,Computer Science,2023
107,Holly Smith,24,Female,Mexico,Sweden,Data Science,2024
108,Rhonda Bentley,20,Female,Nepal,Canada,Environmental Studies,2020
109,Lisa Bryant,22,Male,Serbia,UK,Public Health,2024
110,Shawn Smith,18,Male,Serbia,Netherlands,Business Management,2020
111,Donald King,25,Male,Mexico,France,Psychology,2023
112,Norma Finley,28,Female,Egypt,UK,Environmental Studies,2022
113,Jesse Murphy,26,Female,Japan,Australia,Data Science,2020
114,Rachel Smith,22,Female,Egypt,USA,International Relations,2024
115,Amy Mayo,22,Male,Egypt,Netherlands,Psychology,2022
116,Jordan Olson,22,Female,Egypt,France,Psychology,2020
117,Dustin Morrison,19,Female,India,Sweden,Data Science,2023
118,Jamie Dorsey,30,Male,Afghanistan,Turkey,Data Science,2022
119,Craig Henry,19,Male,Pakistan,UK,Environmental Studies,2024
120,Karen Kelly,22,Male,Egypt,Germany,Data Science,2021
121,Connor Ballard PhD,27,Female,Nepal,Germany,Computer Science,2024
122,Jason Stein,18,Male,Serbia,Sweden,Business Management,2020
123,Ethan Rodriguez,30,Male,Pakistan,Canada,Computer Science,2024
124,Kim Parker,26,Male,Afghanistan,UK,Data Science,2022
125,Miranda Powell,19,Male,Afghanistan,Sweden,Environmental Studies,2022
126,Kathryn Dominguez,26,Female,Afghanistan,Germany,Data Science,2024
127,Corey Marquez,26,Female,Pakistan,Sweden,Psychology,2022
128,Jennifer Lam,28,Female,Egypt,Sweden,Data Science,2022
129,Jennifer Ponce,23,Male,Pakistan,Sweden,Data Science,2022
130,Cristian Hale,27,Female,Japan,Canada,International Relations,2024
131,Joseph Scott,19,Female,Serbia,France,Fashion Design,2024
132,David Smith,18,Male,China,UK,Environmental Studies,2024
133,Nicole Frederick,20,Male,Serbia,Australia,Environmental Studies,2022
134,William Doyle,20,Male,Mexico,Australia,Business Management,2022
135,Sean Martinez,26,Female,Afghanistan,France,Business Management,2022
136,Carl Walter,18,Male,Japan,Canada,Computer Science,2022
137,Olivia Reed,26,Male,China,Australia,Mechanical Engineering,2021
138,Terry Howe,22,Male,Serbia,Canada,Fashion Design,2023
139,Alejandra Long,28,Male,Japan,Sweden,International Relations,2020
140,Dustin Sanchez,23,Female,Pakistan,Sweden,Business Management,2024
141,Paul Kemp,26,Female,India,USA,International Relations,2020
142,James Li,27,Female,USA,Sweden,Psychology,2020
143,Chad Davis,24,Male,Nepal,UK,Business Management,2020
144,Devon Mejia,27,Male,Afghanistan,Netherlands,Psychology,2021
145,James Banks,29,Male,Afghanistan,USA,Data Science,2021
146,Robert Foster Jr.,24,Female,Japan,Netherlands,Environmental Studies,2021
147,Jill Evans,25,Female,Egypt,USA,Psychology,2021
148,Angela Copeland,22,Male,USA,Australia,Public Health,2022
149,David Davis,20,Male,Japan,Netherlands,Mechanical Engineering,2023
150,Anthony Ali,30,Male,India,Sweden,Data Science,2022
151,William Kent,18,Male,Nepal,Australia,Public Health,2023
152,Carrie Acosta,25,Female,Nepal,Canada,Data Science,2024
153,Billy Marshall,27,Male,India,UK,Mechanical Engineering,2024
154,Hannah Russell,27,Female,Afghanistan,Sweden,Computer Science,2020
155,Joshua Perkins,22,Female,Pakistan,Canada,Animation & Media Arts,2020
156,Clinton Rogers,24,Female,India,USA,Data Science,2023
157,Debra Phillips,19,Female,Afghanistan,USA,Psychology,2022
158,Kim Jefferson,23,Female,India,Turkey,Fashion Design,2023
159,Dawn Gonzalez,25,Male,Mexico,Netherlands,Mechanical Engineering,2022
160,Stephanie White,28,Female,Serbia,Canada,International Relations,2024
161,Elizabeth Stevens,20,Male,Afghanistan,Netherlands,Psychology,2021
162,William Shannon,19,Male,China,Netherlands,International Relations,2023
163,Stephanie Tran,26,Female,India,Canada,Animation & Media Arts,2023
164,Michael Schroeder,20,Male,Serbia,France,Environmental Studies,2023
165,Richard Knight,26,Female,USA,Germany,Animation & Media Arts,2020
166,Melissa Hahn,28,Male,USA,Australia,Environmental Studies,2023
167,Michael Phillips,27,Male,Nepal,France,Computer Science,2022
168,Heather Riddle,18,Female,Afghanistan,Canada,Environmental Studies,2021
169,Justin Hogan,25,Male,Mexico,Germany,Fashion Design,2024
170,Kathryn Schultz,25,Male,Afghanistan,Australia,Computer Science,2023
171,Sydney Gibson,26,Female,Nepal,France,Business Management,2024
172,Robert Murphy,28,Male,Mexico,Australia,Animation & Media Arts,2021
173,Crystal Miles,27,Female,Serbia,Canada,Data Science,2022
174,Jose Hayes,24,Female,Egypt,France,Computer Science,2024
175,Amy Smith,20,Male,Mexico,UK,Public Health,2024
176,Amanda Rivera,25,Male,Serbia,Canada,International Relations,2024
177,Paul Johnson,26,Male,India,Germany,Psychology,2022
178,Jill Price,18,Male,Japan,Netherlands,Psychology,2021
179,Alison Rodriguez,24,Female,China,USA,Business Management,2022
180,Christina Olson,18,Female,Egypt,Canada,International Relations,2022
181,Brittney Hudson,26,Female,Nepal,France,Data Science,2020
182,Linda Wolfe,28,Female,Egypt,Australia,International Relations,2022
183,Sarah Taylor,19,Male,Japan,UK,International Relations,2022
184,Jeffrey Tucker,18,Female,India,Netherlands,Public Health,2024
185,David Burke,20,Female,Mexico,Canada,Public Health,2022
186,Janice Bridges,18,Male,Mexico,Turkey,Animation & Media Arts,2024
187,Ashley Evans,26,Male,Serbia,Canada,Environmental Studies,2024
188,Tiffany Leon,27,Female,India,UK,Mechanical Engineering,2021
189,Mitchell Frank,30,Female,Serbia,UK,Environmental Studies,2024
190,Ann Robles,22,Male,Nepal,France,Data Science,2023
191,Stephanie Hall,30,Female,Japan,UK,Public Health,2023
192,Kathy Richards,19,Male,USA,Netherlands,Mechanical Engineering,2023
193,Eddie Bailey,18,Female,Serbia,UK,Business Management,2024
194,Nicholas Jenkins,30,Female,India,Sweden,Psychology,2020
195,Allen Brennan,25,Female,Egypt,Canada,Fashion Design,2021
196,Lisa Snyder,30,Female,Nepal,Australia,Public Health,2020
197,Shane Kennedy,25,Male,China,France,Computer Science,2020
198,Rebecca Hoffman,27,Male,Pakistan,Turkey,Animation & Media Arts,2024
199,Mary Maldonado MD,20,Female,Pakistan,Turkey,Data Science,2022
200,Christina Turner,27,Male,Japan,Germany,Business Management,2022
201,Tammy Mueller,24,Female,Afghanistan,USA,International Relations,2023
202,Jimmy Edwards,23,Female,Pakistan,Turkey,Computer Science,2022
203,Andrew Patterson,25,Female,India,Australia,Psychology,2021
204,David Hubbard,25,Female,China,Australia,Environmental Studies,2022
205,Ryan Garrett,28,Female,China,Germany,Business Management,2021
206,Glenn Ramirez,21,Male,India,Netherlands,Psychology,2023
207,Paul Bender,25,Female,Serbia,UK,Computer Science,2024
208,Paul Holmes,28,Male,India,Turkey,Fashion Design,2023
209,Maxwell Poole,29,Female,Egypt,Sweden,Business Management,2021
210,Carol Fitzgerald,27,Female,Serbia,France,Environmental Studies,2023
211,Terry Hoffman,23,Male,Serbia,Turkey,Environmental Studies,2024
212,Andrea Gardner,27,Male,Japan,Germany,Mechanical Engineering,2023
213,Shannon Chambers,27,Male,Egypt,Sweden,Environmental Studies,2024
214,Melissa Mills,26,Female,Egypt,France,International Relations,2024
215,Erin Spencer,27,Male,Egypt,USA,Fashion Design,2023
216,Jose Brown,28,Male,India,Australia,Environmental Studies,2022
217,Mary Anderson,22,Male,USA,Sweden,Public Health,2024
218,Michelle Garcia,30,Male,Egypt,Canada,Business Management,2022
219,Daniel Chen,24,Female,Mexico,UK,Fashion Design,2022
220,Nicole Murphy,26,Female,China,USA,Fashion Design,2020
221,Anna Duran,30,Male,Serbia,Australia,International Relations,2024
222,Rebekah Jones,20,Male,Japan,Turkey,International Relations,2024
223,Shannon Price,28,Female,Nepal,Australia,Data Science,2021
224,Jonathan Fisher,26,Male,Pakistan,Turkey,Environmental Studies,2024
225,Robert Thompson,22,Female,India,Turkey,Business Management,2023
226,Denise Calhoun,25,Female,Nepal,Turkey,Psychology,2021
227,Justin Mathews,19,Female,Afghanistan,Netherlands,Psychology,2020
228,Nicole Curtis,20,Female,USA,Sweden,Data Science,2023
229,Stephen Armstrong,21,Male,India,Australia,Fashion Design,2021
230,Erin Meyer,27,Male,Japan,Turkey,Animation & Media Arts,2021
231,John Sullivan,19,Female,Egypt,USA,Business Management,2020
232,David Edwards,28,Female,China,UK,Mechanical Engineering,2022
233,Mrs. Michelle Matthews,26,Male,Serbia,Australia,Environmental Studies,2024
234,Austin Yu,25,Male,Serbia,Canada,Data Science,2022
235,Kimberly Cortez,21,Female,Nepal,USA,Fashion Design,2020
236,Carmen Hall,20,Male,Afghanistan,Germany,Animation & Media Arts,2020
237,Robert Blake,25,Male,China,France,Animation & Media Arts,2021
238,Jenny Hinton,20,Female,Nepal,Netherlands,Business Management,2023
239,Patrick Bruce,28,Female,Afghanistan,Sweden,Psychology,2021
240,Terry Mathis,27,Male,Japan,Germany,Business Management,2024
241,Denise Baker,22,Male,Nepal,France,Mechanical Engineering,2023
242,Michelle Salinas,18,Male,Serbia,UK,Animation & Media Arts,2023
243,Anthony Cox,19,Male,India,USA,Psychology,2021
244,Evelyn Berry,22,Male,India,Canada,Fashion Design,2021
245,Carol Marquez,23,Male,USA,Germany,Animation & Media Arts,2023
246,Reginald Wallace,30,Male,Mexico,UK,Business Management,2021
247,Amanda Liu,27,Female,Mexico,UK,International Relations,2024
248,James Anderson,24,Male,Nepal,Sweden,Computer Science,2021
249,Kevin Morgan,25,Female,Nepal,Canada,Mechanical Engineering,2024
250,Jeffrey Sutton,25,Female,USA,Germany,Psychology,2020
251,Kelsey Beck,23,Female,India,UK,Psychology,2024
252,Latoya Smith,25,Male,Egypt,Turkey,Mechanical Engineering,2024
253,Megan Weiss,21,Female,Afghanistan,Germany,Public Health,2020
254,Joshua Mcdaniel,30,Male,China,Sweden,Mechanical Engineering,2021
255,Jesse George,23,Female,Serbia,Canada,Business Management,2021
256,Ms. Kathryn Walker,27,Female,Pakistan,Germany,Animation & Media Arts,2023
257,Andrew Wyatt,30,Female,Japan,Australia,Fashion Design,2020
258,Desiree Price,21,Female,Nepal,Netherlands,Computer Science,2023
259,Kaitlin Mcintyre,19,Female,Egypt,France,Fashion Design,2024
260,Andrew Martinez,26,Male,Mexico,Australia,Animation & Media Arts,2020
261,James Smith,27,Female,China,Canada,Mechanical Engineering,2020
262,Lindsay Stewart,23,Female,Japan,Australia,Computer Science,2023
263,Cassandra Castillo,26,Male,Serbia,Netherlands,Environmental Studies,2024
264,Kristina Moore,19,Male,Serbia,Sweden,International Relations,2020
265,Mr. Alexander Ward,29,Female,Japan,Australia,Environmental Studies,2023
266,Hannah Santos,26,Female,Afghanistan,France,Business Management,2020
267,Julia Williams,30,Male,USA,Canada,Psychology,2020
268,Dustin Sullivan,20,Male,Mexico,Canada,Fashion Design,2020
269,Zachary Riggs,25,Male,Mexico,Australia,Fashion Design,2021
270,Stacey Ramos,27,Female,Pakistan,France,International Relations,2024
271,Richard Case,27,Female,Afghanistan,Canada,Psychology,2024
272,Linda Zhang,21,Male,USA,Canada,Mechanical Engineering,2022
273,Edward Miller,19,Female,Afghanistan,Canada,Public Health,2024
274,Stephanie Shaw,18,Female,Nepal,Australia,Computer Science,2023
275,Susan Murphy,23,Male,China,Australia,Environmental Studies,2022
276,Carolyn Adkins,18,Male,Pakistan,Australia,Computer Science,2024
277,Brianna Esparza,20,Male,China,USA,International Relations,2020
278,Jonathan Vasquez,26,Male,Japan,Germany,Fashion Design,2024
279,Stanley King,26,Male,China,Canada,Environmental Studies,2023
280,Cameron Lee,23,Female,Serbia,Germany,Computer Science,2020
281,Travis Wheeler,30,Male,Japan,Canada,Animation & Media Arts,2021
282,Danielle White,23,Female,USA,Netherlands,Animation & Media Arts,2024
283,Robert Perez,22,Female,USA,Germany,Environmental Studies,2023
284,Jenny Hines,28,Female,Serbia,Australia,Animation & Media Arts,2023
285,Derek Wood,24,Female,Egypt,Germany,Data Science,2021
286,Benjamin Wolfe,26,Female,Egypt,Australia,Animation & Media Arts,2023
287,Kristen Hernandez,29,Female,China,Sweden,Psychology,2020
288,Jenna Wall,29,Female,India,Germany,Public Health,2023
289,Shirley Velazquez,18,Male,Afghanistan,Australia,Public Health,2023
290,Cheryl Cooper,27,Male,Nepal,Netherlands,Business Management,2024
291,Darren Bowman,19,Male,Pakistan,Turkey,Environmental Studies,2021
292,Amanda Allen,25,Female,China,Sweden,Animation & Media Arts,2023
293,Shannon Pratt,25,Male,Mexico,Canada,Environmental Studies,2021
294,John Rodriguez,20,Female,Nepal,Australia,Business Management,2023
295,Michael White,26,Female,Mexico,Sweden,Environmental Studies,2021
296,Samuel Coffey,20,Male,Nepal,Turkey,Psychology,2024
297,Abigail Ingram,26,Female,India,Turkey,Environmental Studies,2020
298,Megan Williams,23,Male,USA,Sweden,Business Management,2020
299,Charles Moore,19,Male,India,USA,Mechanical Engineering,2024
300,Charles Miller,23,Male,India,France,Public Health,2024
301,Curtis Bryant,27,Male,Mexico,Netherlands,Business Management,2023
302,Nathan Harris,20,Male,China,Netherlands,Environmental Studies,2021
303,Kevin Dillon,22,Male,Afghanistan,France,Computer Science,2021
304,Colin Mahoney,25,Male,Serbia,UK,Environmental Studies,2022
305,Shane Johnson,25,Female,Egypt,UK,Fashion Design,2023
306,Vanessa Wood,28,Male,Pakistan,France,International Relations,2021
307,Jeffrey Silva,26,Female,Mexico,Germany,Business Management,2022
308,Cheryl Harvey,26,Female,China,France,Public Health,2020
309,Donald Maddox,28,Male,Japan,Turkey,Computer Science,2021
310,Thomas Cook,21,Male,Afghanistan,Germany,Computer Science,2020
311,Sandra Elliott,30,Male,Afghanistan,Canada,Mechanical Engineering,2024
312,Vanessa Bell,20,Male,Afghanistan,Turkey,Fashion Design,2024
313,Shari Thomas,29,Female,Mexico,France,Computer Science,2023
314,Tina Morgan,27,Female,USA,Australia,Business Management,2022
315,Angel Cervantes,21,Male,China,Turkey,International Relations,2020
316,Katherine Holland,27,Male,Mexico,Sweden,Computer Science,2020
317,Stephen Johnson,28,Female,China,UK,Animation & Media Arts,2021
318,Savannah Carroll,25,Female,Mexico,Australia,Animation & Media Arts,2023
319,Jaime Marsh,19,Female,Egypt,UK,Fashion Design,2024
320,Dawn Stanley,30,Male,USA,Australia,Animation & Media Arts,2021
321,Leslie May,18,Male,USA,France,Psychology,2021
322,Ivan Medina,27,Female,USA,Netherlands,Environmental Studies,2022
323,Chelsea Arnold,25,Male,India,Turkey,International Relations,2024
324,Garrett Ford,27,Female,Japan,UK,Animation & Media Arts,2020
325,Erik Moore,19,Male,Pakistan,USA,Animation & Media Arts,2023
326,Daniel Mccormick,20,Male,Nepal,UK,Data Science,2023
327,Aaron Collier,19,Female,China,France,Psychology,2024
328,Jeff Bates,18,Female,Egypt,USA,Mechanical Engineering,2021
329,Lisa Holmes,28,Male,Nepal,USA,Mechanical Engineering,2024
330,Samantha Simon,20,Male,Afghanistan,Turkey,Fashion Design,2023
331,Matthew Castro,29,Female,Egypt,Netherlands,Animation & Media Arts,2022
332,Pamela Mendoza,30,Male,Mexico,Canada,Fashion Design,2023
333,Diane King,20,Male,Afghanistan,Sweden,Fashion Design,2023
334,Justin Becker,29,Male,Nepal,USA,Fashion Design,2021
335,Ruth Frazier,22,Male,India,Turkey,Animation & Media Arts,2024
336,Teresa Higgins,21,Female,Afghanistan,USA,Mechanical Engineering,2021
337,Michael Dean,29,Female,Japan,Sweden,Environmental Studies,2021
338,Julie Cox,25,Female,China,Canada,Public Health,2022
339,Michael Lee,27,Male,Japan,Netherlands,Animation & Media Arts,2022
340,Bryan Salas,29,Female,Serbia,UK,Public Health,2024
341,Cassandra Lopez,28,Female,India,USA,Fashion Design,2022
342,Thomas Vaughn,19,Female,Afghanistan,Germany,Animation & Media Arts,2024
343,Paul Daniels,18,Female,Pakistan,France,Psychology,2023
344,Caitlyn Mendez,18,Female,India,Australia,Animation & Media Arts,2020
345,Ronnie Boyd,27,Male,Afghanistan,Sweden,Business Management,2023
346,Ronald Martin,19,Male,China,UK,Fashion Design,2022
347,Alexis Patterson,21,Male,Egypt,USA,Environmental Studies,2021
348,Julie Davis,20,Female,Japan,Sweden,Animation & Media Arts,2023
349,Eric Cervantes,22,Female,Egypt,Netherlands,Fashion Design,2023
350,Lindsey Conner,24,Female,Pakistan,USA,International Relations,2021
351,Jennifer Ramirez,30,Female,Afghanistan,Germany,Fashion Design,2024
352,Morgan Weiss,22,Male,Japan,Australia,Computer Science,2023
353,Meghan Hopkins,18,Male,Pakistan,France,Environmental Studies,2021
354,Derek Walters,23,Male,China,Netherlands,Fashion Design,2021
355,Debra Morgan,24,Female,Pakistan,Canada,Data Science,2023
356,Daniel Ramirez,22,Female,China,France,International Relations,2021
357,Stacy Wang,19,Male,China,Turkey,International Relations,2022
358,Ricky Smith,28,Female,USA,Turkey,Computer Science,2021
359,Deanna Gonzalez,18,Female,Japan,Turkey,Psychology,2024
360,Andrew Smith,28,Female,USA,Netherlands,Psychology,2024
361,Robert Duncan,28,Male,Afghanistan,USA,Animation & Media Arts,2022
362,Gary Kim,24,Male,USA,Germany,Environmental Studies,2022
363,Alexander Black,23,Female,Egypt,France,International Relations,2020
364,Jennifer Rodriguez,19,Female,India,Germany,Computer Science,2022
365,Carol Davis,19,Male,Afghanistan,Sweden,Computer Science,2023
366,Timothy Anderson,22,Male,Japan,Australia,Environmental Studies,2023
367,Dr. Ryan Kemp,23,Male,India,Canada,Data Science,2022
368,Craig Wagner,21,Female,Nepal,Germany,Mechanical Engineering,2023
369,Kristina Harris,29,Female,Nepal,USA,Computer Science,2024
370,Rhonda Escobar,19,Female,Serbia,Canada,Computer Science,2023
371,Paul Sanders,18,Male,Egypt,Australia,Fashion Design,2022
372,Mary Wood,22,Female,India,Sweden,Business Management,2021
373,Garrett Hays,21,Male,China,UK,Public Health,2024
374,Rhonda Austin,30,Male,India,Canada,International Relations,2024
375,Michael Lindsey,21,Male,Pakistan,Canada,Environmental Studies,2023
376,Mikayla Duncan,28,Male,Mexico,Turkey,Psychology,2023
377,Daniel Cobb,27,Female,Egypt,Sweden,Computer Science,2022
378,Chad Love,22,Female,USA,Sweden,Business Management,2023
379,Heather Lee,26,Female,Egypt,UK,Psychology,2023
380,Courtney Mullins,29,Male,Nepal,USA,Psychology,2021
381,Patricia Whitehead,30,Female,Serbia,Germany,Psychology,2023
382,Tammy Allen,19,Female,Afghanistan,France,Psychology,2020
383,Brandy Cole,20,Female,Japan,Australia,Fashion Design,2020
384,Jennifer Randall,21,Male,Afghanistan,Turkey,Psychology,2023
385,Carol Martinez,22,Male,China,UK,Animation & Media Arts,2022
386,Tara Fitzgerald,22,Male,Pakistan,Canada,Environmental Studies,2022
387,Lorraine Benjamin,28,Female,India,France,Public Health,2020
388,Jeffrey Arnold,19,Female,Pakistan,Sweden,Fashion Design,2023
389,Sabrina Hayes,22,Female,Egypt,France,Mechanical Engineering,2022
390,Elizabeth Byrd,18,Male,Mexico,Canada,Computer Science,2020
391,Bob Cameron,28,Female,India,Canada,Business Management,2024
392,Annette Watson,29,Female,India,UK,Psychology,2021
393,David Perez DDS,18,Female,Mexico,UK,Data Science,2024
394,John Porter,24,Female,Pakistan,USA,Animation & Media Arts,2020
395,Joshua Lang,21,Female,Mexico,UK,Animation & Media Arts,2024
396,Desiree Johnson,27,Male,USA,Netherlands,Fashion Design,2024
397,Kristina Perez,20,Female,China,Australia,Computer Science,2024
398,Jason Garza,25,Female,Japan,Netherlands,Animation & Media Arts,2023
399,Brooke Harvey,21,Female,Pakistan,Germany,Animation & Media Arts,2022
400,Krystal Hall,26,Female,India,Netherlands,Fashion Design,2024
401,Jessica Christensen,30,Female,Egypt,France,Business Management,2020
402,Cindy Booth,30,Female,Pakistan,Sweden,Public Health,2022
403,Ryan Wong,24,Female,Pakistan,France,International Relations,2021
404,Kenneth Boyd,18,Female,Serbia,Turkey,Business Management,2020
405,Joseph Green,26,Female,Egypt,Sweden,Public Health,2023
406,Jack Johnson,30,Male,China,Germany,Animation & Media Arts,2020
407,Jordan Washington,23,Male,Afghanistan,USA,Data Science,2020
408,Mr. Peter Mitchell,28,Female,Egypt,France,Environmental Studies,2024
409,Timothy Trevino,19,Female,Afghanistan,USA,Fashion Design,2023
410,Melissa Yu,18,Female,USA,Netherlands,Computer Science,2022
411,Valerie Marsh,27,Male,Egypt,France,Business Management,2021
412,Paul Edwards,21,Female,Serbia,USA,Psychology,2020
413,Frank Carter,22,Female,Pakistan,Canada,Environmental Studies,2024
414,Russell Russo,20,Male,Mexico,Canada,Animation & Media Arts,2021
415,Logan Greene,30,Male,China,Germany,Public Health,2021
416,Jesse Sanders,27,Male,Mexico,Netherlands,Business Management,2024
417,Sandra Cruz,30,Male,Japan,Netherlands,Fashion Design,2022
418,Timothy Webb,19,Male,Serbia,Germany,Mechanical Engineering,2020
419,Lisa Brown,29,Male,Nepal,France,Mechanical Engineering,2024
420,Cindy Gould,23,Female,Pakistan,UK,Psychology,2020
421,Ryan Mcmahon,23,Female,Serbia,Canada,Computer Science,2024
422,Laura Miller,22,Male,China,Canada,International Relations,2021
423,Adam Decker,22,Female,Nepal,France,Computer Science,2021
424,John Garcia,28,Male,Egypt,Canada,Fashion Design,2024
425,Mr. Nicholas Moreno,24,Female,India,Netherlands,Psychology,2022
426,Richard Jenkins,23,Male,Serbia,Germany,Public Health,2024
427,Jason Hudson,22,Female,Mexico,UK,Psychology,2020
428,Robert Rosales,18,Female,Mexico,Canada,Psychology,2020
429,Faith Brown,30,Male,Serbia,Canada,Animation & Media Arts,2021
430,Todd Lopez,18,Female,Pakistan,Netherlands,Public Health,2021
431,Crystal Franklin,20,Male,Mexico,Canada,Environmental Studies,2024
432,Yvonne Miller,26,Male,Mexico,USA,Mechanical Engineering,2020
433,Marilyn Reyes,30,Male,Egypt,France,Public Health,2020
434,Darren Hatfield,23,Male,Mexico,UK,Animation & Media Arts,2021
435,Emma Alexander,26,Female,USA,Sweden,Business Management,2024
436,Jennifer Donaldson,25,Male,Serbia,Germany,International Relations,2021
437,Keith Hoffman,19,Female,Egypt,France,Fashion Design,2022
438,Mr. Stephen Gonzalez,30,Male,Serbia,Australia,Animation & Media Arts,2020
439,David Smith,18,Male,Japan,USA,Public Health,2024
440,Kimberly Clark,27,Female,USA,Canada,Public Health,2023
441,Jessica Anderson,27,Male,Nepal,Germany,Computer Science,2022
442,Michele Smith,25,Female,USA,Germany,Business Management,2024
443,Nathan Ochoa,29,Female,China,UK,Psychology,2024
444,Sherry Kelly,30,Male,Pakistan,France,Environmental Studies,2023
445,Evan Flores,18,Male,Afghanistan,Turkey,Public Health,2024
446,Joshua Nielsen,28,Female,Nepal,Australia,Public Health,2020
447,Christina Garcia,26,Male,USA,Australia,Psychology,2023
448,Henry Moreno,29,Female,Nepal,Germany,Mechanical Engineering,2023
449,Kimberly Armstrong,23,Male,Serbia,Germany,Business Management,2023
450,Brenda Howard,27,Male,USA,Netherlands,Business Management,2023
451,Alicia Cox,30,Female,Nepal,Canada,Animation & Media Arts,2021
452,Michael Anderson,22,Male,India,Netherlands,International Relations,2020
453,Matthew Green,20,Female,Japan,UK,Public Health,2023
454,Michael Floyd,18,Female,Pakistan,USA,Business Management,2024
455,Michelle Brown,28,Female,India,Canada,Animation & Media Arts,2023
456,Bethany Dunn,27,Female,Pakistan,UK,Computer Science,2023
457,Edwin Brown,27,Female,India,Turkey,Data Science,2020
458,Laura Jackson,18,Male,Pakistan,Turkey,Computer Science,2020
459,Michelle Simpson,29,Male,Egypt,Germany,International Relations,2024
460,Kayla Howard,19,Male,Nepal,Canada,Psychology,2023
461,Kari Woodward,25,Male,Japan,USA,Mechanical Engineering,2020
462,Jessica Holland,27,Male,USA,France,Mechanical Engineering,2022
463,Sandra Anderson,28,Female,Afghanistan,Germany,Environmental Studies,2023
464,Clifford Bell,27,Male,Mexico,USA,Animation & Media Arts,2023
465,Erica Mitchell,19,Female,India,USA,Psychology,2021
466,James Reyes,24,Female,India,France,Fashion Design,2022
467,Morgan Nichols,28,Male,Pakistan,UK,Psychology,2020
468,Olivia Garcia,24,Female,Egypt,Sweden,Computer Science,2024
469,Jenna Anderson,18,Male,Nepal,Sweden,Public Health,2021
470,Melanie Morton,22,Male,China,Canada,International Relations,2024
471,Jordan Owen,27,Male,Serbia,USA,Business Management,2023
472,Michael Cooke,22,Male,China,Turkey,Psychology,2020
473,Mathew Huber,19,Female,Egypt,Netherlands,Mechanical Engineering,2024
474,Sarah Mcpherson,28,Male,Pakistan,UK,Environmental Studies,2024
475,Edward Tyler,30,Female,Serbia,Australia,Business Management,2020
476,Colton Bell,22,Male,India,Sweden,Animation & Media Arts,2023
477,David Garcia,24,Male,USA,UK,Public Health,2024
478,Christine Kim,28,Female,Afghanistan,USA,Computer Science,2023
479,Dawn Bell,24,Female,Egypt,Australia,Public Health,2022
480,Laura Gonzales,26,Male,Egypt,France,Public Health,2021
481,Jose Shepherd,29,Male,USA,Australia,Mechanical Engineering,2022
482,Ricky Orozco,23,Female,Nepal,Germany,Computer Science,2023
483,Paul Romero,30,Male,Japan,Sweden,Environmental Studies,2020
484,Brandon Strickland,20,Male,Mexico,Turkey,Public Health,2024
485,Lauren Ross,23,Male,Mexico,Sweden,Mechanical Engineering,2024
486,Jamie Banks,24,Male,Mexico,UK,Data Science,2022
487,Daniel Brown,21,Female,Pakistan,Netherlands,Environmental Studies,2023
488,Edward Lawson,19,Male,India,Germany,Mechanical Engineering,2020
489,Alicia Larson,25,Male,India,Germany,Business Management,2021
490,Brandon Kennedy,25,Female,India,Turkey,Environmental Studies,2024
491,Kelly Wilson,23,Female,Pakistan,Canada,Psychology,2023
492,Kimberly Phillips,26,Female,Nepal,Canada,International Relations,2022
493,Maria Wilson,24,Male,Afghanistan,France,Fashion Design,2020
494,Michael Kerr,26,Female,China,USA,Animation & Media Arts,2023
495,Jared Williams,19,Male,Serbia,France,Psychology,2023
496,Robin Richards,18,Male,Serbia,Germany,Computer Science,2023
497,Christian Graham,20,Female,Mexico,Canada,Business Management,2021
498,Jesse Zamora,28,Male,Nepal,France,Computer Science,2021
499,Jonathan Hernandez,19,Female,China,Turkey,Public Health,2022
500,Eric Andrews,23,Female,China,France,Computer Science,2023
501,Lauren May,24,Female,India,Canada,Data Science,2024
502,Meghan Harvey,30,Male,Japan,Australia,Environmental Studies,2023
503,Julie Goodman,28,Male,Japan,Netherlands,Public Health,2022
504,Nicole Owens,19,Female,China,Netherlands,International Relations,2024
505,Kurt Archer,22,Female,China,Turkey,Public Health,2022
506,Charles Acosta,24,Male,Egypt,UK,Public Health,2021
507,Amy Green,28,Male,China,Turkey,Computer Science,2020
508,Mrs. Stephanie Hall,26,Male,Japan,France,Fashion Design,2023
509,Shawna Campos,27,Male,India,UK,Environmental Studies,2020
510,Jason Olson,21,Female,Nepal,Germany,Animation & Media Arts,2020
511,Nicole Harris,19,Female,USA,Netherlands,Public Health,2021
512,Carol Duran,30,Female,China,Germany,Animation & Media Arts,2021
513,Angela Burgess,30,Female,Afghanistan,France,Public Health,2022
514,Briana Cooper,28,Male,Pakistan,Germany,Psychology,2021
515,Kevin Collins,21,Female,Japan,Netherlands,Psychology,2023
516,Emily Barry,20,Female,Pakistan,Canada,Psychology,2024
517,Dawn Owens,18,Male,Mexico,Netherlands,Psychology,2021
518,Kevin Miller,23,Male,Afghanistan,France,Computer Science,2023
519,Bradley Austin,29,Male,Nepal,Canada,Animation & Media Arts,2020
520,Tiffany Waller,26,Male,Egypt,Australia,Data Science,2023
521,Troy Lewis,24,Female,China,Sweden,Animation & Media Arts,2023
522,Sara Fuller,30,Male,Serbia,Netherlands,Data Science,2022
523,Kevin Murphy,26,Female,Afghanistan,Turkey,Computer Science,2021
524,Deborah Marks,25,Female,Afghanistan,Netherlands,International Relations,2024
525,Jenny Weaver,18,Male,China,Turkey,Psychology,2024
526,Zachary Williams,23,Male,USA,Canada,Business Management,2020
527,Candice Gregory,23,Male,Afghanistan,Australia,Animation & Media Arts,2023
528,Maria Gentry,21,Male,Japan,Canada,Data Science,2021
529,Cassie Shaw,25,Female,Afghanistan,USA,International Relations,2024
530,Erica Barnes,20,Male,Afghanistan,Turkey,Data Science,2022
531,Anthony Tyler,29,Female,Mexico,UK,Business Management,2023
532,Daniel Davis,24,Male,China,USA,Environmental Studies,2021
533,Bradley Stevenson,18,Female,Japan,USA,Environmental Studies,2023
534,Eric Perez,22,Male,USA,Sweden,Computer Science,2022
535,Eric Davis,26,Female,Pakistan,Australia,International Relations,2023
536,Justin Mccarthy,23,Male,Nepal,Turkey,Animation & Media Arts,2020
537,Stephanie Jordan,22,Female,Japan,Australia,Business Management,2020
538,Christopher Pena,24,Female,Japan,Australia,Mechanical Engineering,2023
539,Elizabeth Garrett,30,Male,China,Australia,Mechanical Engineering,2022
540,Sabrina Holmes,30,Male,China,Turkey,Animation & Media Arts,2023
541,Jennifer Lynch,24,Male,India,Australia,Computer Science,2023
542,Heather Peterson,22,Female,China,Canada,Business Management,2024
543,Mrs. Laura Holmes,28,Female,USA,Canada,Public Health,2023
544,Jordan Smith DDS,25,Male,Japan,Germany,Business Management,2023
545,Dale Davies,25,Male,USA,Germany,Psychology,2020
546,Theresa Ellis,28,Male,Pakistan,Germany,Data Science,2022
547,Debbie Page,20,Male,India,France,Business Management,2023
548,Arthur Frost,22,Male,USA,UK,Environmental Studies,2020
549,Robert Adams,22,Male,China,Sweden,Environmental Studies,2024
550,Anna Wolfe,28,Male,Japan,Sweden,Fashion Design,2024
551,Nicholas Oneal,29,Male,India,Germany,International Relations,2020
552,Brian Cunningham,24,Male,Serbia,France,Computer Science,2022
553,Pamela Davidson,18,Male,India,Turkey,International Relations,2021
554,Brian Dixon,26,Male,Japan,UK,Fashion Design,2021
555,Linda Quinn,22,Male,Nepal,USA,Environmental Studies,2022
556,Tyrone Adams,22,Male,China,Germany,Psychology,2022
557,David Martinez,24,Male,Mexico,Australia,Business Management,2024
558,Phyllis Jenkins,21,Female,China,UK,International Relations,2021
559,Daniel Atkinson,27,Female,Mexico,Netherlands,Psychology,2021
560,Kristin Brooks,26,Female,Nepal,France,Public Health,2022
561,Leslie Tucker,22,Male,Mexico,Turkey,Psychology,2023
562,Jacob Howard,18,Male,USA,Germany,Computer Science,2020
563,George Boyd,30,Male,Japan,Netherlands,Business Management,2022
564,Christopher Mcdonald,18,Female,Pakistan,France,International Relations,2020
565,Jennifer Carpenter DDS,22,Female,Egypt,Australia,Business Management,2021
566,Samantha Brown,29,Male,USA,Australia,Mechanical Engineering,2021
567,Brian Burch,30,Male,Pakistan,UK,Business Management,2021
568,Joseph Long,30,Female,Afghanistan,Australia,Mechanical Engineering,2020
569,Ian Bryant MD,22,Female,USA,Canada,Fashion Design,2021
570,Jordan Campbell,30,Female,Pakistan,UK,Data Science,2020
571,Rebecca Levy,23,Female,India,France,Mechanical Engineering,2022
572,Jillian Kerr MD,27,Female,India,Germany,Data Science,2022
573,James Crawford,27,Male,USA,France,Fashion Design,2024
574,Mark Garcia,28,Male,Nepal,Netherlands,Mechanical Engineering,2022
575,David Cantrell,22,Female,Mexico,Germany,Business Management,2020
576,Susan Hall,27,Female,Japan,France,Data Science,2020
577,Lori Daniels,25,Male,Mexico,Sweden,International Relations,2020
578,Phyllis Cooke,26,Female,USA,Australia,Animation & Media Arts,2022
579,Samantha Brown MD,29,Male,Pakistan,USA,Public Health,2024
580,Brianna Smith DDS,21,Male,Nepal,Netherlands,Data Science,2020
581,Ruben Frye,24,Female,Serbia,USA,Mechanical Engineering,2022
582,Charles Murphy,28,Female,USA,Turkey,Fashion Design,2020
583,Robert Fischer,30,Female,Afghanistan,France,Psychology,2023
584,Erin Russell,24,Female,Nepal,Turkey,Computer Science,2022
585,Joseph Duran,25,Female,Japan,Turkey,Data Science,2024
586,Brian Leonard,18,Female,Serbia,Sweden,Business Management,2022
587,Kari Miller,22,Female,India,USA,Animation & Media Arts,2024
588,Steven Mcgee,27,Male,Nepal,UK,Environmental Studies,2020
589,Eric Briggs,26,Male,Serbia,Sweden,Fashion Design,2024
590,Andrew Taylor,27,Male,Nepal,Canada,Mechanical Engineering,2024
591,Thomas Henderson,30,Male,USA,UK,Business Management,2020
592,Natasha Campbell,20,Male,Egypt,Germany,Public Health,2020
593,James Hickman,23,Female,Japan,Turkey,Fashion Design,2021
594,Christine Hardin,19,Male,USA,Sweden,Fashion Design,2024
595,Evan Martin,18,Female,Pakistan,Canada,Business Management,2021
596,Sarah Torres,21,Female,Pakistan,UK,Fashion Design,2020
597,Dylan Leblanc,28,Female,Japan,USA,Computer Science,2023
598,Erica Golden,20,Male,Japan,Canada,Public Health,2023
599,Kimberly Huff,18,Female,Serbia,UK,Animation & Media Arts,2021
600,Rachel Short,24,Male,Serbia,France,Psychology,2024
601,Ryan Wagner,22,Female,Serbia,Germany,Business Management,2023
602,Marc Cook,24,Male,Afghanistan,USA,Psychology,2023
603,Nicole Williams,21,Male,USA,UK,Data Science,2021
604,Carol Griffith,21,Female,Afghanistan,Australia,International Relations,2020
605,Alison Lee,28,Female,Egypt,France,Business Management,2023
606,Dawn Lee,28,Male,Afghanistan,UK,Psychology,2023
607,Jason Robinson,27,Male,China,France,Business Management,2020
608,Shannon Schneider,23,Male,USA,Sweden,Fashion Design,2024
609,Tyler Vasquez,27,Male,Japan,Sweden,Psychology,2021
610,Chloe Jones,25,Female,Nepal,Canada,Environmental Studies,2022
611,Mr. Nathan Perez V,22,Male,Nepal,USA,Business Management,2020
612,Andrew Harrell,28,Female,China,Turkey,Environmental Studies,2024
613,Katelyn David,28,Female,USA,France,International Relations,2022
614,Taylor Thomas,19,Male,Nepal,USA,Animation & Media Arts,2021
615,Jeremy Young,19,Male,Nepal,Sweden,Business Management,2021
616,Victor Phillips,28,Female,Japan,Canada,Mechanical Engineering,2023
617,Andrew Singleton,21,Female,Japan,Netherlands,Mechanical Engineering,2023
618,Jessica Williams,20,Female,Pakistan,Sweden,International Relations,2020
619,Joshua Rodriguez,25,Male,Japan,Canada,Animation & Media Arts,2021
620,Franklin White,23,Male,China,Sweden,Psychology,2022
621,Corey Ross,23,Female,USA,Australia,Public Health,2022
622,Mary Brown,21,Female,Nepal,Turkey,Psychology,2023
623,Harold Schmitt,19,Male,Nepal,Canada,Computer Science,2022
624,Emily Caldwell,19,Male,Serbia,France,Environmental Studies,2020
625,Jesse Gillespie,18,Male,Pakistan,France,Mechanical Engineering,2024
626,Joseph Franklin DDS,28,Female,Japan,Canada,Animation & Media Arts,2024
627,Thomas Glover,29,Female,India,Canada,International Relations,2023
628,William Gregory,23,Female,Mexico,UK,Public Health,2021
629,Andrea Wright,24,Male,Mexico,USA,Mechanical Engineering,2024
630,Jason Cherry,27,Male,USA,Netherlands,Animation & Media Arts,2020
631,Leslie Collier,19,Male,Serbia,Germany,Computer Science,2022
632,Jeremy Andrews,29,Female,Pakistan,Turkey,Public Health,2024
633,Alan Meyers,29,Male,Japan,Canada,Environmental Studies,2022
634,Julie Brown,30,Female,Afghanistan,Canada,Psychology,2023
635,David Smith,27,Male,Pakistan,Sweden,Environmental Studies,2023
636,David Fleming,24,Male,Egypt,Germany,Fashion Design,2023
637,Leslie Davis,20,Female,USA,France,Data Science,2023
638,Nicole Rice,29,Female,Afghanistan,Netherlands,Psychology,2020
639,Stephanie Erickson,23,Female,Pakistan,UK,Data Science,2022
640,Samantha Blackburn,30,Male,India,Turkey,Fashion Design,2021
641,Amanda Brady,25,Female,Afghanistan,Canada,Business Management,2021
642,Melissa Torres,25,Male,Serbia,Sweden,Data Science,2020
643,Nicholas Curtis,19,Male,India,Sweden,Animation & Media Arts,2024
644,Edwin Kelley,19,Male,USA,Sweden,Psychology,2023
645,Derek Washington,30,Male,Egypt,Netherlands,Computer Science,2022
646,Kim Hoffman,20,Male,Mexico,France,Fashion Design,2021
647,Regina Carter,30,Female,USA,Sweden,Public Health,2024
648,Jeremy Griffin,25,Female,Serbia,France,Business Management,2023
649,Christopher Burke,19,Female,Mexico,France,Animation & Media Arts,2021
650,Deanna Dominguez,28,Female,China,Netherlands,Data Science,2021
651,Susan Wright,19,Male,Pakistan,Sweden,Data Science,2020
652,Dustin Williams,24,Female,Serbia,Sweden,Business Management,2023
653,Karen Rodgers,28,Female,India,Germany,Animation & Media Arts,2020
654,Stephen Martinez,29,Female,China,Turkey,Environmental Studies,2024
655,Sarah Davidson,23,Male,Nepal,Turkey,Environmental Studies,2023
656,Jacob Ramsey,22,Male,China,USA,International Relations,2022
657,Jacob Johnston,20,Male,Afghanistan,Canada,International Relations,2022
658,Juan Campbell,28,Female,Japan,USA,Environmental Studies,2024
659,Brian Delacruz,30,Female,Nepal,France,Mechanical Engineering,2022
660,Chad Williams,27,Male,USA,Germany,Public Health,2024
661,Matthew Long,19,Male,Japan,Netherlands,Psychology,2022
662,Elizabeth Elliott,25,Female,Mexico,Canada,Environmental Studies,2022
663,Kendra Green,23,Male,Egypt,France,Fashion Design,2022
664,Amy Matthews,26,Male,Pakistan,Canada,Fashion Design,2024
665,Lisa Bradley,24,Male,Serbia,UK,Environmental Studies,2021
666,Jason Adams,27,Female,India,Australia,Animation & Media Arts,2023
667,Sonia Vaughn PhD,25,Female,China,Germany,Public Health,2023
668,Laura Silva,25,Male,Afghanistan,Turkey,Animation & Media Arts,2024
669,Greg Griffith,21,Female,China,Germany,International Relations,2023
670,Dr. Joseph Sharp,21,Male,Pakistan,Netherlands,Public Health,2020
671,Timothy Thomas,21,Male,Japan,UK,Psychology,2021
672,David Martinez,30,Male,Pakistan,Turkey,Data Science,2021
673,Amy James,27,Female,Mexico,Sweden,International Relations,2024
674,Brian Riley,18,Male,China,Canada,Computer Science,2020
675,Marissa Young,27,Male,Egypt,Australia,Mechanical Engineering,2021
676,Albert Alexander,18,Male,China,France,Fashion Design,2024
677,Erik Richardson,21,Female,Japan,UK,Data Science,2023
678,Kyle Robles,27,Female,Afghanistan,Turkey,Mechanical Engineering,2021
679,Christopher Wong,26,Male,Mexico,France,Fashion Design,2023
680,Peter Lee,30,Male,Japan,Australia,International Relations,2023
681,David Gross,22,Female,Pakistan,Netherlands,Animation & Media Arts,2020
682,Patrick Fisher,20,Male,Serbia,Germany,Data Science,2024
683,Timothy Wilkinson,26,Male,Pakistan,Germany,Psychology,2022
684,Madison Cochran,28,Female,Japan,USA,Data Science,2021
685,Cindy Jenkins,24,Female,Nepal,Australia,Fashion Design,2024
686,Daniel Sanchez,26,Male,Egypt,UK,Fashion Design,2023
687,Tina Murphy,30,Female,China,UK,Mechanical Engineering,2024
688,Melissa Thompson,20,Male,India,Australia,International Relations,2024
689,Bonnie Taylor,29,Female,USA,Canada,Mechanical Engineering,2023
690,Grace Vasquez,21,Female,Nepal,Turkey,Data Science,2022
691,Nicole Johnson,26,Female,Pakistan,Turkey,Data Science,2023
692,William Taylor,24,Male,Nepal,UK,Psychology,2023
693,Michaela Miller,30,Female,Japan,Sweden,Computer Science,2022
694,Shawn Davis,28,Male,India,France,Animation & Media Arts,2022
695,Donald Rocha,20,Male,Pakistan,UK,International Relations,2021
696,Grant Crawford,20,Female,China,UK,Environmental Studies,2024
697,Bryan Yoder,22,Male,China,Netherlands,Psychology,2020
698,Cindy Butler,18,Male,China,Australia,Mechanical Engineering,2023
699,Benjamin Velasquez,23,Female,Serbia,Netherlands,Animation & Media Arts,2024
700,Chelsea King,18,Female,Nepal,Canada,Animation & Media Arts,2021
701,Dr. Lisa Ewing,28,Female,Afghanistan,Turkey,Business Management,2023
702,Noah Ramsey,30,Female,Serbia,UK,Computer Science,2023
703,Vanessa Miller,26,Male,Egypt,Australia,Mechanical Engineering,2021
704,Christopher Liu,22,Female,Afghanistan,Australia,Data Science,2023
705,Megan Walker,29,Female,China,Sweden,Computer Science,2020
706,Timothy White,19,Female,India,UK,Psychology,2020
707,Richard Matthews,22,Male,Serbia,UK,Computer Science,2021
708,Kenneth Ibarra,20,Male,India,Canada,Fashion Design,2020
709,Cesar Harris,23,Male,Pakistan,France,Public Health,2021
710,Steven Rodgers,25,Male,Japan,Canada,Environmental Studies,2023
711,James Wilson,27,Female,Pakistan,Sweden,Computer Science,2021
712,Wendy Murphy,26,Male,India,Germany,Business Management,2020
713,Sandra Wall,26,Male,Japan,Canada,Mechanical Engineering,2021
714,John Fisher,30,Female,USA,Canada,Psychology,2024
715,Walter Le,24,Female,Pakistan,Germany,Psychology,2022
716,Nathan Molina,21,Female,Nepal,Australia,Fashion Design,2022
717,Katrina Colon,24,Female,Serbia,Turkey,Business Management,2020
718,Stephanie Thompson,26,Female,Afghanistan,France,Environmental Studies,2021
719,Brenda Howard,25,Female,Pakistan,France,Animation & Media Arts,2023
720,Karen Foster,19,Male,India,USA,International Relations,2021
721,John Jones,27,Male,China,Germany,Business Management,2023
722,Kara Hernandez,21,Male,Japan,Sweden,Public Health,2023
723,Sandra Rivera,26,Male,Mexico,Sweden,Mechanical Engineering,2022
724,Dustin Thompson,23,Female,Serbia,USA,Public Health,2023
725,Kimberly Stone,27,Female,Serbia,Australia,Mechanical Engineering,2022
726,Sydney Gray,22,Female,USA,Sweden,International Relations,2024
727,Joseph Jordan,18,Male,Japan,Germany,Psychology,2020
728,Gail Wilson,25,Female,Japan,Netherlands,Psychology,2020
729,Scott Jensen,24,Female,Pakistan,Canada,Mechanical Engineering,2024
730,Taylor Roman,18,Female,USA,France,Mechanical Engineering,2022
731,Marie Montgomery,22,Female,Serbia,Netherlands,Computer Science,2020
732,Steven Sharp,21,Male,Egypt,Netherlands,Computer Science,2020
733,John Farrell,25,Male,Nepal,Australia,Animation & Media Arts,2022
734,Eric Reeves,20,Female,Pakistan,UK,Public Health,2020
735,Connie Allen,30,Male,China,UK,Fashion Design,2020
736,Dr. Abigail Dalton DDS,24,Female,Pakistan,USA,Animation & Media Arts,2024
737,Jennifer Lewis,27,Male,Serbia,UK,Fashion Design,2021
738,Kelly Thomas,20,Female,China,Netherlands,Fashion Design,2020
739,Megan Charles,22,Female,Mexico,Sweden,Animation & Media Arts,2023
740,Michael Lawson,28,Male,Serbia,France,Business Management,2021
741,Charles Parks,25,Male,China,Canada,Psychology,2021
742,Joshua Washington,28,Male,Nepal,Canada,International Relations,2022
743,Gregory Mcconnell,26,Female,USA,Canada,Animation & Media Arts,2021
744,Joshua Boone,21,Male,Pakistan,UK,Public Health,2022
745,David Franklin,18,Male,India,UK,International Relations,2024
746,Anthony Jordan,21,Male,Afghanistan,Germany,Psychology,2024
747,Stacey Wilson,23,Male,Egypt,France,Psychology,2021
748,David Mathews,22,Female,Nepal,Canada,Fashion Design,2022
749,Cynthia Willis,29,Female,Serbia,UK,Business Management,2020
750,Jennifer Wilson,20,Female,Afghanistan,Germany,International Relations,2021
751,Daniel Smith,19,Female,Nepal,Canada,Mechanical Engineering,2024
752,Cynthia Hayes,22,Female,Mexico,France,Psychology,2022
753,John Martinez,22,Female,Mexico,UK,Public Health,2020
754,Michelle Ortiz,19,Female,Pakistan,Australia,Business Management,2020
755,Miguel Davis,19,Male,India,France,Animation & Media Arts,2023
756,Matthew Choi,28,Female,China,UK,Environmental Studies,2020
757,Sheila Hess,19,Male,USA,France,International Relations,2020
758,Kayla Martinez,22,Male,Nepal,Australia,Data Science,2020
759,Daniel White,24,Male,India,Turkey,Public Health,2021
760,Zoe Kelly,20,Female,China,Sweden,Psychology,2023
761,James Smith,22,Female,Nepal,Sweden,Data Science,2023
762,Sandra Manning DVM,29,Male,Nepal,UK,Environmental Studies,2020
763,Alyssa Kirk,18,Female,USA,Canada,Public Health,2024
764,Jordan Charles,23,Female,Nepal,Australia,Mechanical Engineering,2023
765,Mrs. Debra Shaffer,21,Female,Nepal,USA,Public Health,2021
766,Fred Hammond,22,Male,Serbia,Turkey,Animation & Media Arts,2021
767,Patrick Flores,23,Female,China,Sweden,Mechanical Engineering,2020
768,Danielle Ponce,30,Female,China,Australia,Public Health,2024
769,Julie Adams,30,Male,Egypt,Turkey,Mechanical Engineering,2020
770,Jamie Brown,27,Female,Nepal,Netherlands,Mechanical Engineering,2022
771,Marissa Miller,27,Male,China,Australia,Environmental Studies,2022
772,Gwendolyn Morgan,27,Male,Mexico,Turkey,Environmental Studies,2023
773,Kristen Hill,20,Female,Nepal,Sweden,Fashion Design,2020
774,Joseph Reid,27,Female,India,Turkey,Fashion Design,2021
775,Hannah Velez,18,Female,Afghanistan,Sweden,Computer Science,2021
776,Marc Long,22,Male,USA,Turkey,Mechanical Engineering,2021
777,Melanie Davis,24,Female,Egypt,Canada,Psychology,2024
778,Evan Brown,28,Male,Serbia,France,International Relations,2021
779,Michael Davis,18,Male,Pakistan,UK,Public Health,2024
780,Sarah Reynolds,19,Male,Serbia,USA,Business Management,2024
781,Scott Hunter,29,Female,Afghanistan,USA,Computer Science,2023
782,Martha Snyder,25,Male,Afghanistan,Sweden,Animation & Media Arts,2023
783,Kelly Perry,21,Male,Nepal,USA,Animation & Media Arts,2020
784,Jamie Cooley,20,Female,India,Netherlands,Business Management,2022
785,Daniel Taylor,30,Male,Pakistan,Canada,Psychology,2024
786,Joan Wilson,22,Male,Pakistan,USA,International Relations,2020
787,Shawn Martinez DDS,29,Male,Mexico,Canada,International Relations,2022
788,Katherine Pratt,19,Female,Egypt,Australia,Business Management,2024
789,Melissa Sanchez,25,Female,Nepal,Netherlands,Fashion Design,2020
790,Jennifer Perry,30,Male,India,Netherlands,Public Health,2020
791,Robert Pena,18,Male,Pakistan,UK,Mechanical Engineering,2021
792,Maria Evans,19,Female,Afghanistan,Australia,Public Health,2020
793,Harold Hicks,23,Male,USA,UK,Environmental Studies,2023
794,Michael Lindsey,24,Male,Nepal,Germany,Animation & Media Arts,2024
795,Roy Sandoval,19,Male,USA,Sweden,Business Management,2024
796,Kimberly Ortiz,18,Female,China,Australia,Fashion Design,2024
797,Katrina Wilson,29,Male,China,Australia,Data Science,2024
798,Joel Jenkins,25,Male,USA,Australia,Data Science,2023
799,Jennifer Gonzales,20,Female,USA,Sweden,Data Science,2020
800,Casey Morales,28,Male,Serbia,Australia,Psychology,2023
801,Vanessa Smith,18,Female,Pakistan,Turkey,Computer Science,2024
802,Emily Whitney,20,Female,Pakistan,France,Public Health,2024
803,Jonathan Shepherd,26,Male,China,France,Computer Science,2023
804,Rachel Fitzpatrick,29,Male,Egypt,Australia,Business Management,2020
805,Jessica Johnson,18,Male,Afghanistan,UK,Data Science,2022
806,Thomas Smith,20,Male,Afghanistan,Canada,Computer Science,2020
807,Stephanie Jacobson,23,Male,Pakistan,UK,Business Management,2024
808,Jim Church,18,Female,Pakistan,UK,Data Science,2023
809,Mrs. Gwendolyn Castillo,27,Male,USA,Germany,Environmental Studies,2023
810,Megan May,18,Female,India,Turkey,Animation & Media Arts,2023
811,Shawn Padilla,22,Male,Egypt,Netherlands,Mechanical Engineering,2022
812,Andre Hurley,25,Female,Serbia,France,Public Health,2021
813,Michelle Moody,18,Female,Serbia,Netherlands,Environmental Studies,2020
814,Dennis Watson,18,Male,India,Turkey,Fashion Design,2022
815,Patricia Hayden,28,Male,Nepal,Turkey,Public Health,2023
816,Mary French,19,Female,Nepal,Turkey,Public Health,2023
817,Anna Dixon,19,Female,Pakistan,France,Computer Science,2021
818,Kenneth Barajas,30,Female,USA,Australia,Fashion Design,2020
819,Melody Sanders,21,Female,Serbia,USA,Business Management,2023
820,Wayne Nichols,21,Female,Afghanistan,UK,Psychology,2023
821,Amy Diaz,19,Male,China,Sweden,Fashion Design,2020
822,Heather Drake,22,Female,Japan,Turkey,Fashion Design,2024
823,Zachary Perkins,23,Female,USA,Australia,Public Health,2022
824,Rachel Ford,18,Female,Japan,USA,Environmental Studies,2021
825,Amber Greer,24,Male,Japan,Sweden,Public Health,2022
826,Michael Burns,19,Male,Mexico,Canada,Business Management,2021
827,Jill Hardy,26,Male,Nepal,USA,Mechanical Engineering,2023
828,Carrie Li,22,Female,China,Australia,Environmental Studies,2021
829,Stephen Salazar,20,Male,Mexico,Netherlands,Computer Science,2022
830,Joseph Contreras,21,Female,USA,Germany,Fashion Design,2020
831,Shane Butler,23,Female,Egypt,France,Animation & Media Arts,2023
832,David Evans,20,Female,Japan,Netherlands,Business Management,2023
833,Thomas York,21,Male,Serbia,France,International Relations,2022
834,Allison Mitchell DDS,29,Male,Mexico,Netherlands,Data Science,2021
835,Laura Chandler,24,Female,Afghanistan,Germany,Environmental Studies,2022
836,Heidi Kim,24,Male,Afghanistan,Sweden,International Relations,2023
837,Ian Andrade,18,Male,India,Sweden,Computer Science,2022
838,Dennis Alvarez,24,Female,China,UK,Business Management,2020
839,Eddie Green,19,Female,Pakistan,France,Data Science,2021
840,James Matthews,27,Male,Egypt,Turkey,Computer Science,2023
841,Susan Garrett,18,Female,Egypt,Canada,Psychology,2021
842,Amy Anthony,23,Female,Serbia,Turkey,Data Science,2020
843,John Johnson,26,Male,Mexico,Sweden,International Relations,2022
844,Kelly Spence,22,Female,China,USA,Computer Science,2021
845,Molly Chan,30,Male,Pakistan,UK,Data Science,2021
846,Christopher Rhodes,30,Male,Serbia,Germany,International Relations,2022
847,Carol Lee,22,Male,USA,Netherlands,Public Health,2020
848,Kendra Diaz,26,Female,Mexico,Canada,Psychology,2022
849,Cynthia Duffy,18,Female,Egypt,Australia,Environmental Studies,2022
850,Anna Buck MD,20,Female,Egypt,France,Public Health,2024
851,Sara Solis,25,Female,Nepal,Netherlands,Business Management,2024
852,Robert Anderson,30,Male,Nepal,USA,Animation & Media Arts,2023
853,Megan Beltran,29,Female,Afghanistan,Netherlands,International Relations,2020
854,Joshua Goodman,23,Female,China,Sweden,International Relations,2022
855,Michael Smith,22,Male,Egypt,Netherlands,Mechanical Engineering,2021
856,Charles Maxwell,30,Male,Egypt,Netherlands,Mechanical Engineering,2020
857,Nicholas Mccormick,25,Female,Nepal,France,Environmental Studies,2020
858,Gina Glover,20,Female,Nepal,Australia,Business Management,2021
859,Jaime Wagner,18,Female,China,France,Environmental Studies,2022
860,Madison Jimenez,26,Female,Japan,Turkey,Mechanical Engineering,2020
861,April Reeves,23,Female,India,UK,Fashion Design,2020
862,Steven Simmons,27,Female,Pakistan,USA,Mechanical Engineering,2024
863,Sarah Stewart,22,Female,Afghanistan,France,Data Science,2022
864,Lisa Carter,30,Female,Mexico,France,Mechanical Engineering,2022
865,Stacey Smith,29,Female,Egypt,Netherlands,Public Health,2020
866,Tyler Avery,26,Male,Egypt,Sweden,Psychology,2024
867,Justin Mitchell,25,Male,Mexico,USA,Environmental Studies,2023
868,Kimberly Castro,20,Male,Pakistan,Turkey,Fashion Design,2024
869,Michael Stephens,20,Male,Nepal,Australia,Public Health,2024
870,Jay Rodriguez,19,Female,Serbia,France,Animation & Media Arts,2023
871,Nicole Lynn,26,Female,Japan,Netherlands,Public Health,2021
872,Ryan Wilson,23,Female,Mexico,France,Business Management,2020
873,Gary Holder,26,Male,Egypt,Sweden,Animation & Media Arts,2022
874,Mark Gamble,28,Male,Serbia,Germany,Animation & Media Arts,2023
875,Thomas Ruiz,26,Female,India,Netherlands,Fashion Design,2021
876,Stefanie Strickland,27,Male,Nepal,Turkey,Environmental Studies,2021
877,David Jackson,26,Female,Pakistan,Turkey,Business Management,2020
878,Beverly Patterson,28,Male,Japan,Australia,Psychology,2021
879,Matthew May,22,Female,Afghanistan,Germany,Psychology,2024
880,Dakota Reed,23,Female,Afghanistan,Australia,Public Health,2023
881,Larry Cooper,23,Female,Pakistan,Sweden,International Relations,2023
882,Jordan Anderson,30,Female,USA,Netherlands,Fashion Design,2023
883,Monica Rodriguez,29,Female,Nepal,Sweden,Animation & Media Arts,2024
884,Stephen Doyle,26,Female,USA,Sweden,Computer Science,2022
885,Thomas Sparks,30,Male,Afghanistan,USA,Animation & Media Arts,2023
886,Janet Brooks,22,Female,Serbia,Sweden,Business Management,2021
887,Haley Ramirez,20,Female,Nepal,Germany,Fashion Design,2024
888,Gregory Simmons,26,Male,China,Australia,Computer Science,2023
889,Anna Henderson,23,Male,Pakistan,France,Animation & Media Arts,2020
890,Alyssa Guerrero,21,Male,Japan,Turkey,International Relations,2020
891,Kelsey Palmer,25,Male,China,UK,Mechanical Engineering,2024
892,Timothy Davis,24,Male,China,USA,Data Science,2021
893,Matthew Robinson,21,Male,Egypt,Sweden,Business Management,2021
894,Joshua Roach,24,Male,Mexico,USA,Data Science,2024
895,Bryan Carpenter,30,Male,Afghanistan,Germany,Data Science,2022
896,Brad Rose,21,Female,India,USA,Fashion Design,2023
897,Erin Wilson,27,Female,Mexico,UK,Psychology,2021
898,Charles Carey,21,Female,Afghanistan,Germany,Psychology,2024
899,Emma Wilcox,21,Male,Nepal,Sweden,Data Science,2020
900,Isaac Hines,20,Female,Egypt,Australia,Mechanical Engineering,2021
901,Jessica Schaefer,30,Female,India,Canada,Animation & Media Arts,2024
902,Patrick Sanchez,19,Female,Afghanistan,USA,Psychology,2020
903,Hannah Petersen DDS,22,Male,Mexico,Netherlands,Data Science,2020
904,Patricia Holmes,22,Male,India,Netherlands,Data Science,2023
905,Troy Harper MD,22,Male,Mexico,Sweden,Fashion Design,2024
906,Joseph Gillespie,22,Female,Afghanistan,Turkey,Mechanical Engineering,2023
907,Julia Moore,23,Male,China,USA,Animation & Media Arts,2021
908,William Perez,30,Female,Nepal,Germany,Computer Science,2023
909,Heather Jones,19,Male,India,Sweden,Public Health,2021
910,Victor Weber,30,Male,Egypt,UK,International Relations,2024
911,Joe Mckinney,22,Male,Egypt,UK,Mechanical Engineering,2020
912,Amy Luna,20,Male,Nepal,Sweden,Mechanical Engineering,2021
913,Angela Hines,21,Male,Afghanistan,Netherlands,Mechanical Engineering,2021
914,Paul Hernandez,26,Female,India,Germany,Public Health,2024
915,Michael Clark,27,Male,Pakistan,Australia,Fashion Design,2021
916,Crystal Smith,19,Female,Serbia,Netherlands,International Relations,2023
917,Amanda Mills,21,Female,USA,Australia,Computer Science,2022
918,Michael Huffman,20,Female,Pakistan,Turkey,Computer Science,2023
919,Ronald Lawrence,21,Female,USA,Turkey,Public Health,2023
920,Joanna Roy,26,Female,India,UK,Psychology,2021
921,Nicole Buchanan,18,Female,Japan,Australia,Psychology,2023
922,Julie Wong,22,Male,India,France,International Relations,2021
923,Austin Dean,18,Female,Serbia,UK,Animation & Media Arts,2024
924,Terry Kim,29,Male,USA,Australia,Computer Science,2023
925,Amy Bowman,28,Female,Egypt,USA,Public Health,2021
926,Diana Reynolds,24,Female,Mexico,Canada,Animation & Media Arts,2024
927,Jodi Ingram,23,Female,USA,Australia,International Relations,2021
928,Cody Jones,24,Female,Egypt,Germany,Business Management,2022
929,Valerie Ritter,30,Male,USA,Australia,Public Health,2023
930,Crystal Munoz,22,Male,Mexico,Canada,Psychology,2023
931,Timothy Hammond,18,Male,Egypt,Netherlands,Data Science,2023
932,Mr. Robert Huynh MD,25,Female,India,Netherlands,Mechanical Engineering,2024
933,Christina Lucas,21,Female,Pakistan,France,Environmental Studies,2023
934,Timothy Thomas,25,Male,India,Sweden,International Relations,2022
935,Mr. Thomas Delgado,30,Female,Afghanistan,Sweden,Environmental Studies,2024
936,Sandra Edwards,25,Male,Egypt,USA,Data Science,2021
937,Michael Washington,18,Female,China,Turkey,International Relations,2023
938,Tyler Aguirre,29,Male,Mexico,Sweden,Computer Science,2022
939,Aaron Sims,20,Male,Afghanistan,Turkey,Data Science,2022
940,Sharon Diaz,29,Female,Japan,UK,Environmental Studies,2021
941,Anthony Brown,23,Female,China,Australia,International Relations,2023
942,Cody Mccoy,24,Male,Afghanistan,USA,Public Health,2022
943,Lynn Owens,30,Male,Afghanistan,Sweden,Environmental Studies,2020
944,Riley Torres,22,Female,India,Turkey,Environmental Studies,2020
945,Nicole Cox,29,Male,Mexico,Sweden,Fashion Design,2020
946,Brian Mason,21,Female,Serbia,Sweden,Computer Science,2021
947,Pamela Wilson,20,Female,Afghanistan,Sweden,Public Health,2023
948,Jeremy Marshall,23,Female,Japan,Canada,Business Management,2021
949,Marisa Hodge,21,Male,China,UK,Business Management,2023
950,Jason Knox,27,Female,Afghanistan,France,Computer Science,2023
951,Cathy Owens,25,Male,Afghanistan,Australia,International Relations,2020
952,Peter Garcia,27,Male,Mexico,Australia,Psychology,2023
953,Ronnie Osborne,25,Male,Mexico,Turkey,Data Science,2024
954,Joshua Little,20,Female,Nepal,Canada,Mechanical Engineering,2020
955,Laura Krause,30,Female,Afghanistan,France,Business Management,2022
956,Dawn Young,22,Male,Mexico,Turkey,Business Management,2024
957,Robert Mcknight,24,Female,China,France,Data Science,2023
958,Christina Garcia,27,Female,Egypt,USA,Fashion Design,2023
959,Susan Wood,23,Female,Mexico,Australia,Business Management,2023
960,James Martinez,24,Male,Pakistan,Netherlands,Business Management,2021
961,Kelly Roth,27,Male,Nepal,USA,Computer Science,2022
962,Jeremy Sanders,18,Female,Afghanistan,Netherlands,Computer Science,2021
963,Jeffrey Huber,28,Male,China,Netherlands,Fashion Design,2021
964,Maurice Bishop,22,Male,China,Australia,Animation & Media Arts,2021
965,Robert Ayers,25,Female,Pakistan,USA,Psychology,2024
966,Holly Johnson,23,Male,China,Netherlands,Mechanical Engineering,2020
967,Sara Bennett,28,Male,Japan,Turkey,Environmental Studies,2024
968,Mark Hunter,23,Male,Pakistan,Germany,Environmental Studies,2023
969,Jessica Bradley,24,Male,Serbia,France,Data Science,2024
970,James Taylor,24,Male,Nepal,Canada,Environmental Studies,2020
971,Sarah Cole,25,Female,Nepal,France,Public Health,2023
972,Michele Bowen,25,Male,Nepal,France,Computer Science,2022
973,Victor Jenkins,23,Female,Mexico,USA,Data Science,2021
974,Cassandra Patterson,24,Male,USA,Australia,Psychology,2022
975,Holly Buchanan,26,Male,China,France,Environmental Studies,2024
976,Beth White,26,Male,Mexico,Netherlands,Public Health,2022
977,Jennifer Brown,30,Male,China,Sweden,Computer Science,2020
978,Curtis Anderson,28,Male,Mexico,Canada,Business Management,2021
979,Tina Cooper,29,Male,Pakistan,Canada,Mechanical Engineering,2023
980,Madeline Pearson,20,Female,Egypt,Canada,Environmental Studies,2022
981,Joseph Bauer,21,Male,India,Australia,Psychology,2023
982,Jennifer Herrera,28,Female,India,Turkey,Mechanical Engineering,2020
983,Grant Russell,27,Male,Egypt,France,Fashion Design,2024
984,Debbie Thomas,20,Male,USA,UK,Computer Science,2021
985,Jordan Fitzgerald,21,Female,Japan,Turkey,International Relations,2022
986,Alex Gomez,24,Male,India,USA,Environmental Studies,2021
987,Tracy Clark,26,Male,Nepal,USA,Computer Science,2022
988,Heather Dickerson,24,Male,Pakistan,France,Data Science,2023
989,Juan Bowen,24,Female,Afghanistan,Germany,Business Management,2024
990,Ryan Johnson,27,Male,Mexico,Sweden,Public Health,2024
991,Daniel Stewart,22,Male,USA,France,Business Management,2022
992,Cody Fisher,25,Male,Japan,France,Fashion Design,2020
993,Thomas Stewart,24,Female,Egypt,Sweden,Computer Science,2023
994,John Santiago,28,Male,Afghanistan,Canada,Computer Science,2024
995,Jennifer Johnson,27,Female,Afghanistan,France,Psychology,2023
996,Wendy Clay,29,Female,Afghanistan,Netherlands,Mechanical Engineering,2022
997,Audrey Sullivan,27,Female,USA,Germany,Fashion Design,2022
998,Michelle Harper,19,Female,India,Australia,Animation & Media Arts,2024
999,Ruben Thompson,23,Female,Nepal,Turkey,Animation & Media Arts,2021
1000,Matthew Garner,20,Male,India,USA,Data Science,2020
